{"cameraMode":{"drawMode":0,"name":"Shaded","section":"Shading Mode"},"sceneLighting":false,"audioPlay":false,"sceneViewState":{"showFog":false,"showMaterialUpdate":false,"showSkybox":false,"showFlares":false,"showImageEffects":false,"showParticleSystems":false},"in2DMode":false,"pivot":{"x":0.4856254756450653,"y":1.1519495248794556,"z":-0.22197061777114869},"rotation":{"x":-0.022812100127339364,"y":0.8368534445762634,"z":-0.035635221749544147,"w":-0.5463789701461792},"size":3.600053310394287,"orthographic":false}