{"cameraMode":{"drawMode":0,"name":"Shaded","section":"Shading Mode"},"sceneLighting":true,"audioPlay":false,"sceneViewState":{"showFog":false,"showMaterialUpdate":false,"showSkybox":false,"showFlares":false,"showImageEffects":false,"showParticleSystems":false},"in2DMode":false,"pivot":{"x":86.71272277832031,"y":1.255547046661377,"z":16.206586837768556},"rotation":{"x":0.10603651404380799,"y":0.10272209346294403,"z":-0.011014420539140702,"w":0.988987147808075},"size":3.398357629776001,"orthographic":false}