{"cameraMode":{"drawMode":0,"name":"Shaded","section":"Shading Mode"},"sceneLighting":false,"audioPlay":false,"sceneViewState":{"showFog":true,"showMaterialUpdate":true,"showSkybox":false,"showFlares":true,"showImageEffects":true,"showParticleSystems":true},"in2DMode":false,"pivot":{"x":0.01642322540283203,"y":-0.015585184097290039,"z":12.474069595336914},"rotation":{"x":0.07275037467479706,"y":-0.8864095211029053,"z":0.16254563629627229,"w":0.429237425327301},"size":15.899405479431153,"orthographic":false}