{"cameraMode":{"drawMode":0,"name":"Shaded","section":"Shading Mode"},"sceneLighting":false,"audioPlay":false,"sceneViewState":{"showFog":false,"showMaterialUpdate":false,"showSkybox":false,"showFlares":false,"showImageEffects":false,"showParticleSystems":false},"in2DMode":false,"pivot":{"x":0.1522267460823059,"y":0.9250199794769287,"z":1.8088335990905762},"rotation":{"x":0.018130432814359666,"y":0.7930545210838318,"z":-0.022407641634345056,"w":0.6090260148048401},"size":4.788509845733643,"orthographic":false}