{"cameraMode":{"drawMode":0,"name":"Shaded","section":"Shading Mode"},"sceneLighting":false,"audioPlay":false,"sceneViewState":{"showFog":true,"showMaterialUpdate":true,"showSkybox":false,"showFlares":true,"showImageEffects":true,"showParticleSystems":true},"in2DMode":false,"pivot":{"x":-0.02410268783569336,"y":0.9735072255134583,"z":-1.11594557762146},"rotation":{"x":0.1324542611837387,"y":0.6800757050514221,"z":-0.12124773859977722,"w":0.7123121619224548},"size":1.4076719284057618,"orthographic":false}