{"cameraMode":{"drawMode":0,"name":"Shaded","section":"Shading Mode"},"sceneLighting":true,"audioPlay":false,"sceneViewState":{"showFog":false,"showMaterialUpdate":false,"showSkybox":false,"showFlares":false,"showImageEffects":false,"showParticleSystems":false},"in2DMode":false,"pivot":{"x":411.72515869140627,"y":283.54388427734377,"z":-85.1026611328125},"rotation":{"x":0.2917219400405884,"y":0.6183145642280579,"z":-0.26529672741889956,"w":0.6798985600471497},"size":1015.3386840820313,"orthographic":false}