{"cameraMode":{"drawMode":0,"name":"Shaded","section":"Shading Mode"},"sceneLighting":false,"audioPlay":false,"sceneViewState":{"showFog":true,"showMaterialUpdate":true,"showSkybox":false,"showFlares":true,"showImageEffects":true,"showParticleSystems":true},"in2DMode":false,"pivot":{"x":76.87728881835938,"y":1.2175225019454957,"z":1.1527715921401978},"rotation":{"x":0.0018301792442798615,"y":-0.9973966479301453,"z":0.05435522273182869,"w":0.0671115517616272},"size":12.859785079956055,"orthographic":false}