{"cameraMode":{"drawMode":0,"name":"Shaded","section":"Shading Mode"},"sceneLighting":false,"audioPlay":false,"sceneViewState":{"showFog":true,"showMaterialUpdate":true,"showSkybox":false,"showFlares":true,"showImageEffects":true,"showParticleSystems":true},"in2DMode":false,"pivot":{"x":1.0599634647369385,"y":0.2223353087902069,"z":-0.08124184608459473},"rotation":{"x":-0.049033649265766147,"y":-0.9060032963752747,"z":0.09493255615234375,"w":-0.41192251443862917},"size":1.2000174522399903,"orthographic":false}