{"cameraMode":{"drawMode":0,"name":"Shaded","section":"Shading Mode"},"sceneLighting":false,"audioPlay":false,"sceneViewState":{"showFog":true,"showMaterialUpdate":true,"showSkybox":false,"showFlares":true,"showImageEffects":true,"showParticleSystems":true},"in2DMode":false,"pivot":{"x":-0.03251612186431885,"y":-0.3424469232559204,"z":0.1196756362915039},"rotation":{"x":-0.11030701547861099,"y":0.5165452361106873,"z":-0.07275588065385819,"w":-0.8471494317054749},"size":1.8421213626861573,"orthographic":false}