{"cameraMode":{"drawMode":0,"name":"Shaded","section":"Shading Mode"},"sceneLighting":false,"audioPlay":false,"sceneViewState":{"showFog":true,"showMaterialUpdate":true,"showSkybox":false,"showFlares":true,"showImageEffects":true,"showParticleSystems":true},"in2DMode":false,"pivot":{"x":4.001245975494385,"y":-10.033782005310059,"z":-23.575706481933595},"rotation":{"x":-0.07335369288921356,"y":-0.7092039585113525,"z":0.073232501745224,"w":-0.6977018117904663},"size":24.23265838623047,"orthographic":false}