{"cameraMode":{"drawMode":0,"name":"Shaded","section":"Shading Mode"},"sceneLighting":true,"audioPlay":false,"sceneViewState":{"showFog":true,"showMaterialUpdate":false,"showSkybox":false,"showFlares":true,"showImageEffects":true,"showParticleSystems":true},"in2DMode":false,"pivot":{"x":0.46417236328125,"y":0.42828369140625,"z":-3.616455078125},"rotation":{"x":-0.12277629971504212,"y":0.7313753962516785,"z":-0.13672570884227754,"w":-0.6567634344100952},"size":0.40051063895225527,"orthographic":true}