{"cameraMode":{"drawMode":0,"name":"Shaded","section":"Shading Mode"},"sceneLighting":false,"audioPlay":false,"sceneViewState":{"showFog":true,"showMaterialUpdate":true,"showSkybox":false,"showFlares":true,"showImageEffects":true,"showParticleSystems":true},"in2DMode":false,"pivot":{"x":-9.526019096374512,"y":1.7378861904144288,"z":-7.141036510467529},"rotation":{"x":0.13571123778820039,"y":0.542489767074585,"z":-0.08541037887334824,"w":0.8260722756385803},"size":1.3203771114349366,"orthographic":false}