{"cameraMode":{"drawMode":0,"name":"Shaded","section":"Shading Mode"},"sceneLighting":false,"audioPlay":false,"sceneViewState":{"showFog":true,"showMaterialUpdate":true,"showSkybox":false,"showFlares":true,"showImageEffects":true,"showParticleSystems":true},"in2DMode":false,"pivot":{"x":-9.526019096374512,"y":1.6223891973495484,"z":-7.381185531616211},"rotation":{"x":-0.03355463594198227,"y":-0.6473810076713562,"z":0.02593584731221199,"w":-0.7626924514770508},"size":10.0,"orthographic":false}