{"cameraMode":{"drawMode":0,"name":"Shaded","section":"Shading Mode"},"sceneLighting":false,"audioPlay":false,"sceneViewState":{"showFog":true,"showMaterialUpdate":true,"showSkybox":false,"showFlares":true,"showImageEffects":true,"showParticleSystems":true},"in2DMode":false,"pivot":{"x":1.7477214336395264,"y":2.277369499206543,"z":3.02734637260437},"rotation":{"x":-0.002824797760695219,"y":0.9971053600311279,"z":-0.04373641312122345,"w":-0.07179262489080429},"size":2.089240312576294,"orthographic":false}