{"cameraMode":{"drawMode":0,"name":"Shaded","section":"Shading Mode"},"sceneLighting":false,"audioPlay":false,"sceneViewState":{"showFog":true,"showMaterialUpdate":true,"showSkybox":false,"showFlares":true,"showImageEffects":true,"showParticleSystems":true},"in2DMode":false,"pivot":{"x":0.2904999852180481,"y":0.22750002145767213,"z":-1.694000005722046},"rotation":{"x":0.043892115354537967,"y":0.6626862287521362,"z":-0.03469330817461014,"w":0.7484075427055359},"size":2.442904472351074,"orthographic":false}