{"cameraMode":{"drawMode":0,"name":"Shaded","section":"Shading Mode"},"sceneLighting":true,"audioPlay":false,"sceneViewState":{"showFog":false,"showMaterialUpdate":false,"showSkybox":false,"showFlares":false,"showImageEffects":false,"showParticleSystems":false},"in2DMode":false,"pivot":{"x":177.258056640625,"y":-0.1868438720703125,"z":0.9851245880126953},"rotation":{"x":-0.45274612307548525,"y":-0.16465570032596589,"z":0.08548204600811005,"w":-0.8721832633018494},"size":13.95469856262207,"orthographic":false}